order_number,product_key,customer_key,order_date,shipping_date,due_date,sales_amount,quantity,price
SO54496,282,5400,2013-03-16,2013-03-23,2013-03-28,25,1,25
SO54496,289,5400,2013-03-16,2013-03-23,2013-03-28,5,1,5
SO54496,259,5400,2013-03-16,2013-03-23,2013-03-28,2,1,2
SO54497,174,9281,2013-03-16,2013-03-23,2013-03-28,22,1,22
SO54497,280,9281,2013-03-16,2013-03-23,2013-03-28,9,1,9
SO54498,174,4825,2013-03-16,2013-03-23,2013-03-28,22,1,22
SO54498,277,4825,2013-03-16,2013-03-23,2013-03-28,54,1,54
SO54499,289,4286,2013-03-16,2013-03-23,2013-03-28,5,1,5
SO54499,246,4286,2013-03-16,2013-03-23,2013-03-28,35,1,35
SO54500,289,1472,2013-03-16,2013-03-23,2013-03-28,5,1,5
SO54500,284,1472,2013-03-16,2013-03-23,2013-03-28,35,1,35
SO54500,244,1472,2013-03-16,2013-03-23,2013-03-28,35,1,35
SO54500,166,1472,2013-03-16,2013-03-23,2013-03-28,9,1,9
SO54501,290,2777,2013-03-16,2013-03-23,2013-03-28,4,1,4
SO54501,287,2777,2013-03-16,2013-03-23,2013-03-28,33,1,33
SO54502,286,5302,2013-03-16,2013-03-23,2013-03-28,25,1,25
SO54502,290,5302,2013-03-16,2013-03-23,2013-03-28,4,1,4
SO54502,166,5302,2013-03-16,2013-03-23,2013-03-28,9,1,9
SO54502,245,5302,2013-03-16,2013-03-23,2013-03-28,35,1,35
SO54503,290,582,2013-03-16,2013-03-23,2013-03-28,4,1,4
SO54503,259,582,2013-03-16,2013-03-23,2013-03-28,2,1,2
SO54504,290,9149,2013-03-16,2013-03-23,2013-03-28,4,1,4
SO54504,259,9149,2013-03-16,2013-03-23,2013-03-28,2,1,2
SO54505,283,3822,2013-03-16,2013-03-23,2013-03-28,30,1,30
SO54506,290,14527,2013-03-16,2013-03-23,2013-03-28,4,1,4
SO54506,285,14527,2013-03-16,2013-03-23,2013-03-28,21,1,21
SO54506,246,14527,2013-03-16,2013-03-23,2013-03-28,35,1,35
SO54507,285,16815,2013-03-16,2013-03-23,2013-03-28,21,1,21
SO54507,259,16815,2013-03-16,2013-03-23,2013-03-28,2,1,2
SO54507,281,16815,2013-03-16,2013-03-23,2013-03-28,159,1,159
SO54508,284,13,2013-03-16,2013-03-23,2013-03-28,35,1,35
SO54508,289,13,2013-03-16,2013-03-23,2013-03-28,5,1,5
SO54508,244,13,2013-03-16,2013-03-23,2013-03-28,35,1,35
SO54509,284,732,2013-03-16,2013-03-23,2013-03-28,35,1,35
SO54509,289,732,2013-03-16,2013-03-23,2013-03-28,5,1,5
SO54509,174,732,2013-03-16,2013-03-23,2013-03-28,22,1,22
SO54509,234,732,2013-03-16,2013-03-23,2013-03-28,24,1,24
SO54510,284,3354,2013-03-16,2013-03-23,2013-03-28,35,1,35
SO54510,289,3354,2013-03-16,2013-03-23,2013-03-28,5,1,5
SO54510,246,3354,2013-03-16,2013-03-23,2013-03-28,35,1,35
SO54511,105,348,2013-03-16,2013-03-23,2013-03-28,9,1,9
SO54511,295,348,2013-03-16,2013-03-23,2013-03-28,5,1,5
SO54512,136,5897,2013-03-16,2013-03-23,2013-03-28,1701,1,1701
SO54512,295,5897,2013-03-16,2013-03-23,2013-03-28,5,1,5
SO54512,105,5897,2013-03-16,2013-03-23,2013-03-28,9,1,9
SO54513,136,3084,2013-03-16,2013-03-23,2013-03-28,1701,1,1701
SO54513,251,3084,2013-03-16,2013-03-23,2013-03-28,50,1,50
SO54514,117,3104,2013-03-16,2013-03-23,2013-03-28,769,1,769
SO54514,104,3104,2013-03-16,2013-03-23,2013-03-28,10,1,10
SO54514,295,3104,2013-03-16,2013-03-23,2013-03-28,5,1,5
SO54515,126,9425,2013-03-16,2013-03-23,2013-03-28,540,1,540
SO54515,295,9425,2013-03-16,2013-03-23,2013-03-28,5,1,5
SO54515,105,9425,2013-03-16,2013-03-23,2013-03-28,9,1,9
SO54516,127,9817,2013-03-16,2013-03-23,2013-03-28,540,1,540
SO54516,285,9817,2013-03-16,2013-03-23,2013-03-28,21,1,21
SO54516,290,9817,2013-03-16,2013-03-23,2013-03-28,4,1,4
SO54516,245,9817,2013-03-16,2013-03-23,2013-03-28,35,1,35
SO54516,250,9817,2013-03-16,2013-03-23,2013-03-28,50,1,50
SO54517,166,17829,2013-03-16,2013-03-23,2013-03-28,9,1,9
SO54517,150,17829,2013-03-16,2013-03-23,2013-03-28,742,1,742
SO54518,144,15330,2013-03-16,2013-03-23,2013-03-28,742,1,742
SO54518,105,15330,2013-03-16,2013-03-23,2013-03-28,9,1,9
SO54518,295,15330,2013-03-16,2013-03-23,2013-03-28,5,1,5
SO54518,247,15330,2013-03-16,2013-03-23,2013-03-28,55,1,55
SO54519,121,98,2013-03-16,2013-03-23,2013-03-28,2295,1,2295
SO54519,104,98,2013-03-16,2013-03-23,2013-03-28,10,1,10
SO54520,155,14367,2013-03-16,2013-03-23,2013-03-28,1215,1,1215
SO54520,288,14367,2013-03-16,2013-03-23,2013-03-28,29,1,29
SO54521,126,10655,2013-03-16,2013-03-23,2013-03-28,540,1,540
SO54521,105,10655,2013-03-16,2013-03-23,2013-03-28,9,1,9
SO54521,295,10655,2013-03-16,2013-03-23,2013-03-28,5,1,5
SO54521,250,10655,2013-03-16,2013-03-23,2013-03-28,50,1,50
SO54522,128,18401,2013-03-16,2013-03-23,2013-03-28,540,1,540
SO54522,295,18401,2013-03-16,2013-03-23,2013-03-28,5,1,5
SO54522,105,18401,2013-03-16,2013-03-23,2013-03-28,9,1,9
SO54522,294,18401,2013-03-16,2013-03-23,2013-03-28,64,1,64
SO54523,134,16144,2013-03-16,2013-03-23,2013-03-28,1120,1,1120
SO54523,105,16144,2013-03-16,2013-03-23,2013-03-28,9,1,9
SO54523,295,16144,2013-03-16,2013-03-23,2013-03-28,5,1,5
SO54523,246,16144,2013-03-16,2013-03-23,2013-03-28,35,1,35
SO54524,165,1631,2013-03-16,2013-03-23,2013-03-28,2384,1,2384
SO54524,246,1631,2013-03-16,2013-03-23,2013-03-28,35,1,35
SO54525,158,13106,2013-03-16,2013-03-23,2013-03-28,2384,1,2384
SO54525,245,13106,2013-03-16,2013-03-23,2013-03-28,35,1,35
SO54526,116,51,2013-03-16,2013-03-23,2013-03-28,769,1,769
SO54526,174,51,2013-03-16,2013-03-23,2013-03-28,22,1,22
SO54526,292,51,2013-03-16,2013-03-23,2013-03-28,64,1,64
SO54527,134,12415,2013-03-17,2013-03-24,2013-03-29,1120,1,1120
SO54527,246,12415,2013-03-17,2013-03-24,2013-03-29,35,1,35
SO54527,276,12415,2013-03-17,2013-03-24,2013-03-29,54,1,54
SO54528,123,1134,2013-03-17,2013-03-24,2013-03-29,2320,1,2320
SO54528,174,1134,2013-03-17,2013-03-24,2013-03-29,22,1,22
SO54528,104,1134,2013-03-17,2013-03-24,2013-03-29,10,1,10
SO54528,295,1134,2013-03-17,2013-03-24,2013-03-29,5,1,5
SO54528,246,1134,2013-03-17,2013-03-24,2013-03-29,35,1,35
SO54528,250,1134,2013-03-17,2013-03-24,2013-03-29,50,1,50
SO54529,282,3100,2013-03-17,2013-03-24,2013-03-29,25,1,25
SO54529,259,3100,2013-03-17,2013-03-24,2013-03-29,2,1,2
SO54530,166,2182,2013-03-17,2013-03-24,2013-03-29,9,1,9
SO54530,260,2182,2013-03-17,2013-03-24,2013-03-29,120,1,120
SO54531,272,15774,2013-03-17,2013-03-24,2013-03-29,70,1,70
SO54532,290,2642,2013-03-17,2013-03-24,2013-03-29,4,1,4
SO54532,246,2642,2013-03-17,2013-03-24,2013-03-29,35,1,35
SO54532,277,2642,2013-03-17,2013-03-24,2013-03-29,54,1,54
SO54532,233,2642,2013-03-17,2013-03-24,2013-03-29,24,1,24
SO54533,249,3060,2013-03-17,2013-03-24,2013-03-29,50,1,50
SO54533,233,3060,2013-03-17,2013-03-24,2013-03-29,24,1,24
SO54534,290,2628,2013-03-17,2013-03-24,2013-03-29,4,1,4
SO54534,278,2628,2013-03-17,2013-03-24,2013-03-29,54,1,54
SO54534,166,2628,2013-03-17,2013-03-24,2013-03-29,9,1,9
SO54535,139,12777,2013-03-17,2013-03-24,2013-03-29,2443,1,2443
SO54535,246,12777,2013-03-17,2013-03-24,2013-03-29,35,1,35
SO54536,117,17905,2013-03-17,2013-03-24,2013-03-29,769,1,769
SO54536,283,17905,2013-03-17,2013-03-24,2013-03-29,30,1,30
SO54537,290,181,2013-03-17,2013-03-24,2013-03-29,4,1,4
SO54537,244,181,2013-03-17,2013-03-24,2013-03-29,35,1,35
SO54538,291,16632,2013-03-17,2013-03-24,2013-03-29,5,1,5
SO54538,288,16632,2013-03-17,2013-03-24,2013-03-29,29,1,29
SO54539,285,16741,2013-03-17,2013-03-24,2013-03-29,21,1,21
SO54539,290,16741,2013-03-17,2013-03-24,2013-03-29,4,1,4
SO54540,285,16026,2013-03-17,2013-03-24,2013-03-29,21,1,21
SO54540,259,16026,2013-03-17,2013-03-24,2013-03-29,2,1,2
SO54541,288,15176,2013-03-17,2013-03-24,2013-03-29,29,1,29
SO54541,291,15176,2013-03-17,2013-03-24,2013-03-29,5,1,5
SO54541,247,15176,2013-03-17,2013-03-24,2013-03-29,55,1,55
SO54542,290,17683,2013-03-17,2013-03-24,2013-03-29,4,1,4
SO54542,286,17683,2013-03-17,2013-03-24,2013-03-29,25,1,25
SO54542,244,17683,2013-03-17,2013-03-24,2013-03-29,35,1,35
SO54543,287,14153,2013-03-17,2013-03-24,2013-03-29,33,1,33
SO54543,259,14153,2013-03-17,2013-03-24,2013-03-29,2,1,2
SO54544,287,13451,2013-03-17,2013-03-24,2013-03-29,33,1,33
SO54544,244,13451,2013-03-17,2013-03-24,2013-03-29,35,1,35
SO54545,235,13315,2013-03-17,2013-03-24,2013-03-29,24,1,24
SO54545,287,13315,2013-03-17,2013-03-24,2013-03-29,33,1,33
SO54546,283,12133,2013-03-17,2013-03-24,2013-03-29,30,1,30
SO54546,259,12133,2013-03-17,2013-03-24,2013-03-29,2,1,2
SO54546,168,12133,2013-03-17,2013-03-24,2013-03-29,8,1,8
SO54546,260,12133,2013-03-17,2013-03-24,2013-03-29,120,1,120
SO54547,289,12895,2013-03-17,2013-03-24,2013-03-29,5,1,5
SO54547,283,12895,2013-03-17,2013-03-24,2013-03-29,30,1,30
SO54547,244,12895,2013-03-17,2013-03-24,2013-03-29,35,1,35
SO54548,289,741,2013-03-17,2013-03-24,2013-03-29,5,1,5
SO54548,283,741,2013-03-17,2013-03-24,2013-03-29,30,1,30
SO54548,259,741,2013-03-17,2013-03-24,2013-03-29,2,1,2
SO54549,283,7555,2013-03-17,2013-03-24,2013-03-29,30,1,30
SO54549,289,7555,2013-03-17,2013-03-24,2013-03-29,5,1,5
SO54549,246,7555,2013-03-17,2013-03-24,2013-03-29,35,1,35
SO54550,283,186,2013-03-17,2013-03-24,2013-03-29,30,1,30
SO54550,289,186,2013-03-17,2013-03-24,2013-03-29,5,1,5
SO54550,246,186,2013-03-17,2013-03-24,2013-03-29,35,1,35
SO54551,104,12252,2013-03-17,2013-03-24,2013-03-29,10,1,10
SO54551,244,12252,2013-03-17,2013-03-24,2013-03-29,35,1,35
SO54552,104,2186,2013-03-17,2013-03-24,2013-03-29,10,1,10
SO54552,295,2186,2013-03-17,2013-03-24,2013-03-29,5,1,5
SO54552,247,2186,2013-03-17,2013-03-24,2013-03-29,55,1,55
SO54553,104,10699,2013-03-17,2013-03-24,2013-03-29,10,1,10
SO54553,295,10699,2013-03-17,2013-03-24,2013-03-29,5,1,5
SO54554,272,8853,2013-03-17,2013-03-24,2013-03-29,70,1,70
SO54555,272,7524,2013-03-17,2013-03-24,2013-03-29,70,1,70
SO54555,250,7524,2013-03-17,2013-03-24,2013-03-29,50,1,50
SO54555,166,7524,2013-03-17,2013-03-24,2013-03-29,9,1,9
SO54556,295,7553,2013-03-17,2013-03-24,2013-03-29,5,1,5
SO54557,295,7375,2013-03-17,2013-03-24,2013-03-29,5,1,5
SO54557,168,7375,2013-03-17,2013-03-24,2013-03-29,8,1,8
SO54558,295,6432,2013-03-17,2013-03-24,2013-03-29,5,1,5
SO54559,295,6489,2013-03-17,2013-03-24,2013-03-29,5,1,5
SO54560,289,5045,2013-03-17,2013-03-24,2013-03-29,5,1,5
SO54560,294,5045,2013-03-17,2013-03-24,2013-03-29,64,1,64
SO54561,290,5296,2013-03-17,2013-03-24,2013-03-29,4,1,4
SO54561,286,5296,2013-03-17,2013-03-24,2013-03-29,25,1,25
SO54561,244,5296,2013-03-17,2013-03-24,2013-03-29,35,1,35
SO54561,250,5296,2013-03-17,2013-03-24,2013-03-29,50,1,50
SO54561,234,5296,2013-03-17,2013-03-24,2013-03-29,24,1,24
SO54562,289,2765,2013-03-17,2013-03-24,2013-03-29,5,1,5
SO54562,284,2765,2013-03-17,2013-03-24,2013-03-29,35,1,35
SO54562,246,2765,2013-03-17,2013-03-24,2013-03-29,35,1,35
SO54563,286,3812,2013-03-17,2013-03-24,2013-03-29,25,1,25
SO54563,290,3812,2013-03-17,2013-03-24,2013-03-29,4,1,4
SO54563,168,3812,2013-03-17,2013-03-24,2013-03-29,8,1,8
SO54564,285,16002,2013-03-17,2013-03-24,2013-03-29,21,1,21
SO54564,166,16002,2013-03-17,2013-03-24,2013-03-29,9,1,9
SO54565,288,3536,2013-03-17,2013-03-24,2013-03-29,29,1,29
SO54566,291,16837,2013-03-17,2013-03-24,2013-03-29,5,1,5
SO54567,291,16927,2013-03-17,2013-03-24,2013-03-29,5,1,5
SO54568,291,17424,2013-03-17,2013-03-24,2013-03-29,5,1,5
SO54568,288,17424,2013-03-17,2013-03-24,2013-03-29,29,1,29
SO54569,291,15842,2013-03-17,2013-03-24,2013-03-29,5,1,5
SO54569,288,15842,2013-03-17,2013-03-24,2013-03-29,29,1,29
SO54569,166,15842,2013-03-17,2013-03-24,2013-03-29,9,1,9
SO54569,244,15842,2013-03-17,2013-03-24,2013-03-29,35,1,35
SO54570,288,1569,2013-03-17,2013-03-24,2013-03-29,29,1,29
SO54570,291,1569,2013-03-17,2013-03-24,2013-03-29,5,1,5
SO54570,234,1569,2013-03-17,2013-03-24,2013-03-29,24,1,24
SO54571,108,4861,2013-03-17,2013-03-24,2013-03-29,540,1,540
SO54572,117,2939,2013-03-17,2013-03-24,2013-03-29,769,1,769
SO54572,283,2939,2013-03-17,2013-03-24,2013-03-29,30,1,30
SO54572,289,2939,2013-03-17,2013-03-24,2013-03-29,5,1,5
SO54572,246,2939,2013-03-17,2013-03-24,2013-03-29,35,1,35
SO54572,250,2939,2013-03-17,2013-03-24,2013-03-29,50,1,50
SO54573,120,1190,2013-03-17,2013-03-24,2013-03-29,2295,1,2295
SO54573,174,1190,2013-03-17,2013-03-24,2013-03-29,22,1,22
SO54573,247,1190,2013-03-17,2013-03-24,2013-03-29,55,1,55
SO54574,125,1711,2013-03-17,2013-03-24,2013-03-29,2320,1,2320
SO54574,245,1711,2013-03-17,2013-03-24,2013-03-29,35,1,35
SO54575,137,7740,2013-03-17,2013-03-24,2013-03-29,1701,1,1701
SO54575,290,7740,2013-03-17,2013-03-24,2013-03-29,4,1,4
SO54575,286,7740,2013-03-17,2013-03-24,2013-03-29,25,1,25
SO54575,293,7740,2013-03-17,2013-03-24,2013-03-29,64,1,64
SO54576,127,15775,2013-03-17,2013-03-24,2013-03-29,540,1,540
SO54576,280,15775,2013-03-17,2013-03-24,2013-03-29,9,1,9
SO54577,142,7738,2013-03-17,2013-03-24,2013-03-29,2443,1,2443
SO54578,143,7748,2013-03-17,2013-03-24,2013-03-29,2443,1,2443
SO54578,105,7748,2013-03-17,2013-03-24,2013-03-29,9,1,9
SO54578,295,7748,2013-03-17,2013-03-24,2013-03-29,5,1,5
SO54578,277,7748,2013-03-17,2013-03-24,2013-03-29,54,1,54
SO54579,140,7711,2013-03-17,2013-03-24,2013-03-29,2443,1,2443
SO54579,105,7711,2013-03-17,2013-03-24,2013-03-29,9,1,9
SO54579,295,7711,2013-03-17,2013-03-24,2013-03-29,5,1,5
SO54579,278,7711,2013-03-17,2013-03-24,2013-03-29,54,1,54
SO54579,166,7711,2013-03-17,2013-03-24,2013-03-29,9,1,9
SO54580,149,17842,2013-03-17,2013-03-24,2013-03-29,742,1,742
SO54580,105,17842,2013-03-17,2013-03-24,2013-03-29,9,1,9
SO54580,295,17842,2013-03-17,2013-03-24,2013-03-29,5,1,5
SO54581,150,5755,2013-03-17,2013-03-24,2013-03-29,742,1,742
SO54581,105,5755,2013-03-17,2013-03-24,2013-03-29,9,1,9
SO54581,295,5755,2013-03-17,2013-03-24,2013-03-29,5,1,5
SO54582,125,907,2013-03-17,2013-03-24,2013-03-29,2320,1,2320
SO54582,174,907,2013-03-17,2013-03-24,2013-03-29,22,1,22
SO54582,104,907,2013-03-17,2013-03-24,2013-03-29,10,1,10
SO54582,295,907,2013-03-17,2013-03-24,2013-03-29,5,1,5
SO54582,245,907,2013-03-17,2013-03-24,2013-03-29,35,1,35
SO54583,159,13735,2013-03-17,2013-03-24,2013-03-29,2384,1,2384
SO54583,295,13735,2013-03-17,2013-03-24,2013-03-29,5,1,5
SO54583,105,13735,2013-03-17,2013-03-24,2013-03-29,9,1,9
SO54583,244,13735,2013-03-17,2013-03-24,2013-03-29,35,1,35
SO54583,248,13735,2013-03-17,2013-03-24,2013-03-29,50,1,50
SO54583,166,13735,2013-03-17,2013-03-24,2013-03-29,9,1,9
SO54584,128,10904,2013-03-17,2013-03-24,2013-03-29,540,1,540
SO54584,166,10904,2013-03-17,2013-03-24,2013-03-29,9,1,9
SO54585,139,7496,2013-03-18,2013-03-25,2013-03-30,2443,1,2443
SO54586,143,7497,2013-03-18,2013-03-25,2013-03-30,2443,1,2443
SO54586,290,7497,2013-03-18,2013-03-25,2013-03-30,4,1,4
SO54586,294,7497,2013-03-18,2013-03-25,2013-03-30,64,1,64
SO54586,287,7497,2013-03-18,2013-03-25,2013-03-30,33,1,33
SO54587,133,5516,2013-03-18,2013-03-25,2013-03-30,1120,1,1120
SO54587,246,5516,2013-03-18,2013-03-25,2013-03-30,35,1,35
SO54588,132,13890,2013-03-18,2013-03-25,2013-03-30,1120,1,1120
SO54588,286,13890,2013-03-18,2013-03-25,2013-03-30,25,1,25
SO54588,290,13890,2013-03-18,2013-03-25,2013-03-30,4,1,4
SO54588,260,13890,2013-03-18,2013-03-25,2013-03-30,120,1,120
SO54589,120,576,2013-03-18,2013-03-25,2013-03-30,2295,1,2295
SO54590,123,565,2013-03-18,2013-03-25,2013-03-30,2320,1,2320
SO54591,289,11007,2013-03-18,2013-03-25,2013-03-30,5,1,5
SO54591,284,11007,2013-03-18,2013-03-25,2013-03-30,35,1,35
SO54591,259,11007,2013-03-18,2013-03-25,2013-03-30,2,1,2
SO54592,289,10407,2013-03-18,2013-03-25,2013-03-30,5,1,5
SO54592,284,10407,2013-03-18,2013-03-25,2013-03-30,35,1,35
SO54592,244,10407,2013-03-18,2013-03-25,2013-03-30,35,1,35
SO54593,104,72,2013-03-18,2013-03-25,2013-03-30,10,1,10
SO54593,295,72,2013-03-18,2013-03-25,2013-03-30,5,1,5
SO54594,168,115,2013-03-18,2013-03-25,2013-03-30,8,1,8
SO54595,290,15785,2013-03-18,2013-03-25,2013-03-30,4,1,4
SO54595,244,15785,2013-03-18,2013-03-25,2013-03-30,35,1,35
SO54595,248,15785,2013-03-18,2013-03-25,2013-03-30,50,1,50
SO54596,259,1037,2013-03-18,2013-03-25,2013-03-30,2,1,2
SO54597,281,3313,2013-03-18,2013-03-25,2013-03-30,159,1,159
SO54598,136,10104,2013-03-18,2013-03-25,2013-03-30,1701,1,1701
SO54598,295,10104,2013-03-18,2013-03-25,2013-03-30,5,1,5
SO54598,105,10104,2013-03-18,2013-03-25,2013-03-30,9,1,9
SO54598,166,10104,2013-03-18,2013-03-25,2013-03-30,9,1,9
SO54599,135,6636,2013-03-18,2013-03-25,2013-03-30,1701,1,1701
SO54599,166,6636,2013-03-18,2013-03-25,2013-03-30,9,1,9
SO54600,107,3957,2013-03-18,2013-03-25,2013-03-30,540,1,540
SO54600,282,3957,2013-03-18,2013-03-25,2013-03-30,25,1,25
SO54600,259,3957,2013-03-18,2013-03-25,2013-03-30,2,1,2
SO54601,142,16938,2013-03-18,2013-03-25,2013-03-30,2443,1,2443
SO54601,287,16938,2013-03-18,2013-03-25,2013-03-30,33,1,33
SO54601,290,16938,2013-03-18,2013-03-25,2013-03-30,4,1,4
SO54601,259,16938,2013-03-18,2013-03-25,2013-03-30,2,1,2
SO54601,281,16938,2013-03-18,2013-03-25,2013-03-30,159,1,159
SO54602,141,1324,2013-03-18,2013-03-25,2013-03-30,2443,1,2443
SO54602,105,1324,2013-03-18,2013-03-25,2013-03-30,9,1,9
SO54602,295,1324,2013-03-18,2013-03-25,2013-03-30,5,1,5
SO54602,245,1324,2013-03-18,2013-03-25,2013-03-30,35,1,35
SO54602,166,1324,2013-03-18,2013-03-25,2013-03-30,9,1,9
SO54603,125,604,2013-03-18,2013-03-25,2013-03-30,2320,1,2320
SO54604,124,2561,2013-03-18,2013-03-25,2013-03-30,2320,1,2320
SO54604,104,2561,2013-03-18,2013-03-25,2013-03-30,10,1,10
SO54604,295,2561,2013-03-18,2013-03-25,2013-03-30,5,1,5
SO54605,290,200,2013-03-18,2013-03-25,2013-03-30,4,1,4
SO54605,259,200,2013-03-18,2013-03-25,2013-03-30,2,1,2
SO54606,166,17144,2013-03-18,2013-03-25,2013-03-30,9,1,9
SO54606,291,17144,2013-03-18,2013-03-25,2013-03-30,5,1,5
SO54607,249,1065,2013-03-18,2013-03-25,2013-03-30,50,1,50
SO54607,235,1065,2013-03-18,2013-03-25,2013-03-30,24,1,24
SO54608,286,17982,2013-03-18,2013-03-25,2013-03-30,25,1,25
SO54608,259,17982,2013-03-18,2013-03-25,2013-03-30,2,1,2
SO54609,285,8224,2013-03-18,2013-03-25,2013-03-30,21,1,21
SO54610,290,503,2013-03-18,2013-03-25,2013-03-30,4,1,4
SO54610,286,503,2013-03-18,2013-03-25,2013-03-30,25,1,25
SO54610,244,503,2013-03-18,2013-03-25,2013-03-30,35,1,35
SO54610,277,503,2013-03-18,2013-03-25,2013-03-30,54,1,54
SO54611,283,8837,2013-03-18,2013-03-25,2013-03-30,30,1,30
SO54611,279,8837,2013-03-18,2013-03-25,2013-03-30,9,1,9
SO54612,289,825,2013-03-18,2013-03-25,2013-03-30,5,1,5
SO54612,283,825,2013-03-18,2013-03-25,2013-03-30,30,1,30
SO54612,244,825,2013-03-18,2013-03-25,2013-03-30,35,1,35
SO54613,104,11010,2013-03-18,2013-03-25,2013-03-30,10,1,10
SO54614,289,8016,2013-03-18,2013-03-25,2013-03-30,5,1,5
SO54614,283,8016,2013-03-18,2013-03-25,2013-03-30,30,1,30
SO54614,245,8016,2013-03-18,2013-03-25,2013-03-30,35,1,35
SO54614,235,8016,2013-03-18,2013-03-25,2013-03-30,24,1,24
SO54615,289,11227,2013-03-18,2013-03-25,2013-03-30,5,1,5
SO54615,283,11227,2013-03-18,2013-03-25,2013-03-30,30,1,30
SO54616,283,12052,2013-03-18,2013-03-25,2013-03-30,30,1,30
SO54616,289,12052,2013-03-18,2013-03-25,2013-03-30,5,1,5
SO54617,295,3503,2013-03-18,2013-03-25,2013-03-30,5,1,5
SO54617,104,3503,2013-03-18,2013-03-25,2013-03-30,10,1,10
SO54618,104,3726,2013-03-18,2013-03-25,2013-03-30,10,1,10
SO54618,295,3726,2013-03-18,2013-03-25,2013-03-30,5,1,5
SO54618,247,3726,2013-03-18,2013-03-25,2013-03-30,55,1,55
SO54619,274,9309,2013-03-18,2013-03-25,2013-03-30,70,1,70
SO54620,274,9122,2013-03-18,2013-03-25,2013-03-30,70,1,70
SO54621,273,7522,2013-03-18,2013-03-25,2013-03-30,70,1,70
SO54621,250,7522,2013-03-18,2013-03-25,2013-03-30,50,1,50
SO54622,273,7602,2013-03-18,2013-03-25,2013-03-30,70,1,70
SO54623,295,12799,2013-03-18,2013-03-25,2013-03-30,5,1,5
SO54623,247,12799,2013-03-18,2013-03-25,2013-03-30,55,1,55
SO54623,168,12799,2013-03-18,2013-03-25,2013-03-30,8,1,8
SO54624,295,5966,2013-03-18,2013-03-25,2013-03-30,5,1,5
SO54624,245,5966,2013-03-18,2013-03-25,2013-03-30,35,1,35
SO54625,289,4407,2013-03-18,2013-03-25,2013-03-30,5,1,5
SO54625,259,4407,2013-03-18,2013-03-25,2013-03-30,2,1,2
SO54626,289,16301,2013-03-18,2013-03-25,2013-03-30,5,1,5
SO54626,259,16301,2013-03-18,2013-03-25,2013-03-30,2,1,2
SO54627,174,7920,2013-03-18,2013-03-25,2013-03-30,22,1,22
SO54627,244,7920,2013-03-18,2013-03-25,2013-03-30,35,1,35
SO54627,248,7920,2013-03-18,2013-03-25,2013-03-30,50,1,50
SO54628,289,5060,2013-03-18,2013-03-25,2013-03-30,5,1,5
SO54628,174,5060,2013-03-18,2013-03-25,2013-03-30,22,1,22
SO54628,260,5060,2013-03-18,2013-03-25,2013-03-30,120,1,120
SO54629,174,9087,2013-03-18,2013-03-25,2013-03-30,22,1,22
SO54629,244,9087,2013-03-18,2013-03-25,2013-03-30,35,1,35
SO54630,290,6632,2013-03-18,2013-03-25,2013-03-30,4,1,4
SO54630,244,6632,2013-03-18,2013-03-25,2013-03-30,35,1,35
SO54630,249,6632,2013-03-18,2013-03-25,2013-03-30,50,1,50
SO54630,166,6632,2013-03-18,2013-03-25,2013-03-30,9,1,9
SO54631,295,1491,2013-03-18,2013-03-25,2013-03-30,5,1,5
SO54631,276,1491,2013-03-18,2013-03-25,2013-03-30,54,1,54
SO54632,290,15897,2013-03-18,2013-03-25,2013-03-30,4,1,4
SO54632,279,15897,2013-03-18,2013-03-25,2013-03-30,9,1,9
SO54633,288,3547,2013-03-18,2013-03-25,2013-03-30,29,1,29
SO54634,291,5191,2013-03-18,2013-03-25,2013-03-30,5,1,5
SO54634,259,5191,2013-03-18,2013-03-25,2013-03-30,2,1,2
SO54635,291,1829,2013-03-18,2013-03-25,2013-03-30,5,1,5
SO54635,249,1829,2013-03-18,2013-03-25,2013-03-30,50,1,50
SO54636,289,846,2013-03-18,2013-03-25,2013-03-30,5,1,5
SO54636,284,846,2013-03-18,2013-03-25,2013-03-30,35,1,35
SO54636,259,846,2013-03-18,2013-03-25,2013-03-30,2,1,2
SO54637,174,1532,2013-03-18,2013-03-25,2013-03-30,22,1,22
SO54638,174,2071,2013-03-18,2013-03-25,2013-03-30,22,1,22
SO54638,244,2071,2013-03-18,2013-03-25,2013-03-30,35,1,35
SO54639,138,9665,2013-03-18,2013-03-25,2013-03-30,1701,1,1701
SO54639,286,9665,2013-03-18,2013-03-25,2013-03-30,25,1,25
SO54639,290,9665,2013-03-18,2013-03-25,2013-03-30,4,1,4
SO54639,245,9665,2013-03-18,2013-03-25,2013-03-30,35,1,35
SO54640,135,1766,2013-03-18,2013-03-25,2013-03-30,1701,1,1701
SO54640,250,1766,2013-03-18,2013-03-25,2013-03-30,50,1,50
SO54641,106,2067,2013-03-18,2013-03-25,2013-03-30,540,1,540
SO54641,295,2067,2013-03-18,2013-03-25,2013-03-30,5,1,5
SO54641,104,2067,2013-03-18,2013-03-25,2013-03-30,10,1,10
SO54641,245,2067,2013-03-18,2013-03-25,2013-03-30,35,1,35
SO54642,114,8022,2013-03-18,2013-03-25,2013-03-30,565,1,565
SO54642,104,8022,2013-03-18,2013-03-25,2013-03-30,10,1,10
SO54642,295,8022,2013-03-18,2013-03-25,2013-03-30,5,1,5
SO54642,245,8022,2013-03-18,2013-03-25,2013-03-30,35,1,35
SO54643,117,2891,2013-03-18,2013-03-25,2013-03-30,769,1,769
SO54643,174,2891,2013-03-18,2013-03-25,2013-03-30,22,1,22
SO54643,280,2891,2013-03-18,2013-03-25,2013-03-30,9,1,9
SO54644,120,1170,2013-03-18,2013-03-25,2013-03-30,2295,1,2295
SO54644,284,1170,2013-03-18,2013-03-25,2013-03-30,35,1,35
SO54644,289,1170,2013-03-18,2013-03-25,2013-03-30,5,1,5
SO54644,244,1170,2013-03-18,2013-03-25,2013-03-30,35,1,35
SO54645,122,1173,2013-03-18,2013-03-25,2013-03-30,2295,1,2295
SO54645,174,1173,2013-03-18,2013-03-25,2013-03-30,22,1,22
SO54645,244,1173,2013-03-18,2013-03-25,2013-03-30,35,1,35
SO54646,122,1185,2013-03-18,2013-03-25,2013-03-30,2295,1,2295
SO54646,259,1185,2013-03-18,2013-03-25,2013-03-30,2,1,2
SO54647,122,1113,2013-03-18,2013-03-25,2013-03-30,2295,1,2295
SO54647,174,1113,2013-03-18,2013-03-25,2013-03-30,22,1,22
SO54647,246,1113,2013-03-18,2013-03-25,2013-03-30,35,1,35
SO54648,124,889,2013-03-18,2013-03-25,2013-03-30,2320,1,2320
SO54648,174,889,2013-03-18,2013-03-25,2013-03-30,22,1,22
SO54648,246,889,2013-03-18,2013-03-25,2013-03-30,35,1,35
SO54649,141,7694,2013-03-18,2013-03-25,2013-03-30,2443,1,2443
SO54650,159,17936,2013-03-18,2013-03-25,2013-03-30,2384,1,2384
SO54650,245,17936,2013-03-18,2013-03-25,2013-03-30,35,1,35
SO54651,154,14205,2013-03-18,2013-03-25,2013-03-30,1215,1,1215
SO54651,244,14205,2013-03-18,2013-03-25,2013-03-30,35,1,35
SO54652,126,11043,2013-03-18,2013-03-25,2013-03-30,540,1,540
SO54653,133,8550,2013-03-18,2013-03-25,2013-03-30,1120,1,1120
SO54653,278,8550,2013-03-18,2013-03-25,2013-03-30,54,1,54
SO54653,166,8550,2013-03-18,2013-03-25,2013-03-30,9,1,9
SO54654,134,3736,2013-03-18,2013-03-25,2013-03-30,1120,1,1120
SO54654,244,3736,2013-03-18,2013-03-25,2013-03-30,35,1,35
SO54655,133,2149,2013-03-18,2013-03-25,2013-03-30,1120,1,1120
SO54655,105,2149,2013-03-18,2013-03-25,2013-03-30,9,1,9
SO54655,168,2149,2013-03-18,2013-03-25,2013-03-30,8,1,8
SO54656,165,4115,2013-03-18,2013-03-25,2013-03-30,2384,1,2384
SO54656,291,4115,2013-03-18,2013-03-25,2013-03-30,5,1,5
SO54656,288,4115,2013-03-18,2013-03-25,2013-03-30,29,1,29
SO54656,259,4115,2013-03-18,2013-03-25,2013-03-30,2,1,2
SO54657,140,7488,2013-03-19,2013-03-26,2013-03-31,2443,1,2443
SO54658,143,7494,2013-03-19,2013-03-26,2013-03-31,2443,1,2443
SO54658,168,7494,2013-03-19,2013-03-26,2013-03-31,8,1,8
SO54659,123,1806,2013-03-19,2013-03-26,2013-03-31,2320,1,2320
SO54659,284,1806,2013-03-19,2013-03-26,2013-03-31,35,1,35
SO54660,123,1317,2013-03-19,2013-03-26,2013-03-31,2320,1,2320
SO54660,104,1317,2013-03-19,2013-03-26,2013-03-31,10,1,10
SO54660,295,1317,2013-03-19,2013-03-26,2013-03-31,5,1,5
SO54660,166,1317,2013-03-19,2013-03-26,2013-03-31,9,1,9
SO54661,105,177,2013-03-19,2013-03-26,2013-03-31,9,1,9
SO54661,295,177,2013-03-19,2013-03-26,2013-03-31,5,1,5
SO54662,168,301,2013-03-19,2013-03-26,2013-03-31,8,1,8
SO54663,235,17591,2013-03-19,2013-03-26,2013-03-31,24,1,24
SO54663,245,17591,2013-03-19,2013-03-26,2013-03-31,35,1,35
SO54664,289,2047,2013-03-19,2013-03-26,2013-03-31,5,1,5
SO54664,282,2047,2013-03-19,2013-03-26,2013-03-31,25,1,25
SO54665,174,5489,2013-03-19,2013-03-26,2013-03-31,22,1,22
SO54665,244,5489,2013-03-19,2013-03-26,2013-03-31,35,1,35
SO54665,276,5489,2013-03-19,2013-03-26,2013-03-31,54,1,54
SO54665,166,5489,2013-03-19,2013-03-26,2013-03-31,9,1,9
SO54666,174,7705,2013-03-19,2013-03-26,2013-03-31,22,1,22
SO54666,166,7705,2013-03-19,2013-03-26,2013-03-31,9,1,9
SO54667,166,6079,2013-03-19,2013-03-26,2013-03-31,9,1,9
SO54667,277,6079,2013-03-19,2013-03-26,2013-03-31,54,1,54
SO54668,244,4140,2013-03-19,2013-03-26,2013-03-31,35,1,35
SO54669,287,7288,2013-03-19,2013-03-26,2013-03-31,33,1,33
SO54669,259,7288,2013-03-19,2013-03-26,2013-03-31,2,1,2
SO54670,108,3953,2013-03-19,2013-03-26,2013-03-31,540,1,540
SO54670,244,3953,2013-03-19,2013-03-26,2013-03-31,35,1,35
SO54671,140,5409,2013-03-19,2013-03-26,2013-03-31,2443,1,2443
SO54671,105,5409,2013-03-19,2013-03-26,2013-03-31,9,1,9
SO54671,295,5409,2013-03-19,2013-03-26,2013-03-31,5,1,5
SO54671,277,5409,2013-03-19,2013-03-26,2013-03-31,54,1,54
SO54672,140,9053,2013-03-19,2013-03-26,2013-03-31,2443,1,2443
SO54672,287,9053,2013-03-19,2013-03-26,2013-03-31,33,1,33
SO54672,290,9053,2013-03-19,2013-03-26,2013-03-31,4,1,4
SO54672,245,9053,2013-03-19,2013-03-26,2013-03-31,35,1,35
SO54673,121,610,2013-03-19,2013-03-26,2013-03-31,2295,1,2295
SO54673,284,610,2013-03-19,2013-03-26,2013-03-31,35,1,35
SO54673,289,610,2013-03-19,2013-03-26,2013-03-31,5,1,5
SO54673,246,610,2013-03-19,2013-03-26,2013-03-31,35,1,35
SO54674,276,212,2013-03-19,2013-03-26,2013-03-31,54,1,54
SO54675,248,521,2013-03-19,2013-03-26,2013-03-31,50,1,50
SO54675,233,521,2013-03-19,2013-03-26,2013-03-31,24,1,24
SO54676,291,18003,2013-03-19,2013-03-26,2013-03-31,5,1,5
SO54676,247,18003,2013-03-19,2013-03-26,2013-03-31,55,1,55
SO54676,168,18003,2013-03-19,2013-03-26,2013-03-31,8,1,8
SO54677,282,15054,2013-03-19,2013-03-26,2013-03-31,25,1,25
SO54677,259,15054,2013-03-19,2013-03-26,2013-03-31,2,1,2
SO54678,288,1929,2013-03-19,2013-03-26,2013-03-31,29,1,29
SO54678,291,1929,2013-03-19,2013-03-26,2013-03-31,5,1,5
SO54679,282,14254,2013-03-19,2013-03-26,2013-03-31,25,1,25
SO54679,289,14254,2013-03-19,2013-03-26,2013-03-31,5,1,5
SO54679,280,14254,2013-03-19,2013-03-26,2013-03-31,9,1,9
SO54679,244,14254,2013-03-19,2013-03-26,2013-03-31,35,1,35
SO54680,290,12796,2013-03-19,2013-03-26,2013-03-31,4,1,4
SO54680,287,12796,2013-03-19,2013-03-26,2013-03-31,33,1,33
SO54680,244,12796,2013-03-19,2013-03-26,2013-03-31,35,1,35
SO54681,283,12723,2013-03-19,2013-03-26,2013-03-31,30,1,30
SO54681,259,12723,2013-03-19,2013-03-26,2013-03-31,2,1,2
SO54682,166,7392,2013-03-19,2013-03-26,2013-03-31,9,1,9
SO54682,273,7392,2013-03-19,2013-03-26,2013-03-31,70,1,70
SO54683,295,14266,2013-03-19,2013-03-26,2013-03-31,5,1,5
SO54683,251,14266,2013-03-19,2013-03-26,2013-03-31,50,1,50
SO54684,295,6170,2013-03-19,2013-03-26,2013-03-31,5,1,5
SO54685,174,2990,2013-03-19,2013-03-26,2013-03-31,22,1,22
SO54685,234,2990,2013-03-19,2013-03-26,2013-03-31,24,1,24
SO54686,287,3206,2013-03-19,2013-03-26,2013-03-31,33,1,33
SO54687,287,1869,2013-03-19,2013-03-26,2013-03-31,33,1,33
SO54688,289,6843,2013-03-19,2013-03-26,2013-03-31,5,1,5
SO54688,283,6843,2013-03-19,2013-03-26,2013-03-31,30,1,30
SO54688,259,6843,2013-03-19,2013-03-26,2013-03-31,2,1,2
SO54689,285,17897,2013-03-19,2013-03-26,2013-03-31,21,1,21
SO54690,290,16842,2013-03-19,2013-03-26,2013-03-31,4,1,4
SO54690,285,16842,2013-03-19,2013-03-26,2013-03-31,21,1,21
SO54690,244,16842,2013-03-19,2013-03-26,2013-03-31,35,1,35
SO54691,295,11570,2013-03-19,2013-03-26,2013-03-31,5,1,5
SO54691,246,11570,2013-03-19,2013-03-26,2013-03-31,35,1,35
SO54691,166,11570,2013-03-19,2013-03-26,2013-03-31,9,1,9
SO54692,288,12919,2013-03-19,2013-03-26,2013-03-31,29,1,29
SO54692,291,12919,2013-03-19,2013-03-26,2013-03-31,5,1,5
SO54692,244,12919,2013-03-19,2013-03-26,2013-03-31,35,1,35
SO54693,291,6102,2013-03-19,2013-03-26,2013-03-31,5,1,5
SO54693,247,6102,2013-03-19,2013-03-26,2013-03-31,55,1,55
SO54693,245,6102,2013-03-19,2013-03-26,2013-03-31,35,1,35
SO54694,289,141,2013-03-19,2013-03-26,2013-03-31,5,1,5
SO54694,284,141,2013-03-19,2013-03-26,2013-03-31,35,1,35
SO54695,284,4479,2013-03-19,2013-03-26,2013-03-31,35,1,35
SO54695,289,4479,2013-03-19,2013-03-26,2013-03-31,5,1,5
SO54695,246,4479,2013-03-19,2013-03-26,2013-03-31,35,1,35
SO54695,275,4479,2013-03-19,2013-03-26,2013-03-31,54,1,54
SO54696,284,1138,2013-03-19,2013-03-26,2013-03-31,35,1,35
SO54696,289,1138,2013-03-19,2013-03-26,2013-03-31,5,1,5
SO54696,259,1138,2013-03-19,2013-03-26,2013-03-31,2,1,2
SO54697,174,1908,2013-03-19,2013-03-26,2013-03-31,22,1,22
SO54697,260,1908,2013-03-19,2013-03-26,2013-03-31,120,1,120
SO54698,251,1467,2013-03-19,2013-03-26,2013-03-31,50,1,50
SO54698,166,1467,2013-03-19,2013-03-26,2013-03-31,9,1,9
SO54699,244,431,2013-03-19,2013-03-26,2013-03-31,35,1,35
SO54699,248,431,2013-03-19,2013-03-26,2013-03-31,50,1,50
SO54700,135,5896,2013-03-19,2013-03-26,2013-03-31,1701,1,1701
SO54700,245,5896,2013-03-19,2013-03-26,2013-03-31,35,1,35
SO54700,233,5896,2013-03-19,2013-03-26,2013-03-31,24,1,24
SO54701,140,5364,2013-03-19,2013-03-26,2013-03-31,2443,1,2443
SO54701,105,5364,2013-03-19,2013-03-26,2013-03-31,9,1,9
SO54701,295,5364,2013-03-19,2013-03-26,2013-03-31,5,1,5
SO54701,234,5364,2013-03-19,2013-03-26,2013-03-31,24,1,24
SO54702,116,3108,2013-03-19,2013-03-26,2013-03-31,769,1,769
SO54702,104,3108,2013-03-19,2013-03-26,2013-03-31,10,1,10
SO54702,295,3108,2013-03-19,2013-03-26,2013-03-31,5,1,5
SO54702,245,3108,2013-03-19,2013-03-26,2013-03-31,35,1,35
SO54703,122,1144,2013-03-19,2013-03-26,2013-03-31,2295,1,2295
SO54703,260,1144,2013-03-19,2013-03-26,2013-03-31,120,1,120
SO54704,138,7723,2013-03-19,2013-03-26,2013-03-31,1701,1,1701
SO54704,275,7723,2013-03-19,2013-03-26,2013-03-31,54,1,54
SO54705,165,8,2013-03-19,2013-03-26,2013-03-31,2384,1,2384
SO54705,246,8,2013-03-19,2013-03-26,2013-03-31,35,1,35
SO54706,159,12,2013-03-19,2013-03-26,2013-03-31,2384,1,2384
SO54706,276,12,2013-03-19,2013-03-26,2013-03-31,54,1,54
SO54707,155,12268,2013-03-19,2013-03-26,2013-03-31,1215,1,1215
SO54707,105,12268,2013-03-19,2013-03-26,2013-03-31,9,1,9
SO54707,295,12268,2013-03-19,2013-03-26,2013-03-31,5,1,5
SO54707,247,12268,2013-03-19,2013-03-26,2013-03-31,55,1,55
SO54708,166,14340,2013-03-19,2013-03-26,2013-03-31,9,1,9
SO54708,157,14340,2013-03-19,2013-03-26,2013-03-31,1215,1,1215
SO54709,166,18257,2013-03-19,2013-03-26,2013-03-31,9,1,9
SO54709,164,18257,2013-03-19,2013-03-26,2013-03-31,2384,1,2384
SO54710,132,8548,2013-03-19,2013-03-26,2013-03-31,1120,1,1120
SO54710,245,8548,2013-03-19,2013-03-26,2013-03-31,35,1,35
SO54710,235,8548,2013-03-19,2013-03-26,2013-03-31,24,1,24
SO54711,133,7572,2013-03-19,2013-03-26,2013-03-31,1120,1,1120
SO54712,129,11479,2013-03-19,2013-03-26,2013-03-31,540,1,540
SO54712,105,11479,2013-03-19,2013-03-26,2013-03-31,9,1,9
SO54712,295,11479,2013-03-19,2013-03-26,2013-03-31,5,1,5
SO54713,127,14740,2013-03-19,2013-03-26,2013-03-31,540,1,540
SO54714,163,4101,2013-03-19,2013-03-26,2013-03-31,2384,1,2384
SO54714,246,4101,2013-03-19,2013-03-26,2013-03-31,35,1,35
SO54715,165,13111,2013-03-19,2013-03-26,2013-03-31,2384,1,2384
SO54715,166,13111,2013-03-19,2013-03-26,2013-03-31,9,1,9
SO54716,134,13905,2013-03-20,2013-03-27,2013-04-01,1120,1,1120
SO54716,290,13905,2013-03-20,2013-03-27,2013-04-01,4,1,4
SO54716,286,13905,2013-03-20,2013-03-27,2013-04-01,25,1,25
SO54716,248,13905,2013-03-20,2013-03-27,2013-04-01,50,1,50
SO54717,282,2628,2013-03-20,2013-03-27,2013-04-01,25,1,25
SO54717,259,2628,2013-03-20,2013-03-27,2013-04-01,2,1,2
SO54718,283,4022,2013-03-20,2013-03-27,2013-04-01,30,1,30
SO54719,295,13590,2013-03-20,2013-03-27,2013-04-01,5,1,5
SO54719,247,13590,2013-03-20,2013-03-27,2013-04-01,55,1,55
SO54719,166,13590,2013-03-20,2013-03-27,2013-04-01,9,1,9
SO54720,295,11946,2013-03-20,2013-03-27,2013-04-01,5,1,5
SO54720,168,11946,2013-03-20,2013-03-27,2013-04-01,8,1,8
SO54721,244,6307,2013-03-20,2013-03-27,2013-04-01,35,1,35
SO54722,166,7191,2013-03-20,2013-03-27,2013-04-01,9,1,9
SO54723,166,4265,2013-03-20,2013-03-27,2013-04-01,9,1,9
SO54724,121,572,2013-03-20,2013-03-27,2013-04-01,2295,1,2295
SO54724,174,572,2013-03-20,2013-03-27,2013-04-01,22,1,22
SO54724,259,572,2013-03-20,2013-03-27,2013-04-01,2,1,2
SO54725,290,16376,2013-03-20,2013-03-27,2013-04-01,4,1,4
SO54725,259,16376,2013-03-20,2013-03-27,2013-04-01,2,1,2
SO54726,285,16510,2013-03-20,2013-03-27,2013-04-01,21,1,21
SO54726,290,16510,2013-03-20,2013-03-27,2013-04-01,4,1,4
SO54726,246,16510,2013-03-20,2013-03-27,2013-04-01,35,1,35
SO54727,289,15473,2013-03-20,2013-03-27,2013-04-01,5,1,5
SO54727,282,15473,2013-03-20,2013-03-27,2013-04-01,25,1,25
SO54727,246,15473,2013-03-20,2013-03-27,2013-04-01,35,1,35
SO54727,250,15473,2013-03-20,2013-03-27,2013-04-01,50,1,50
SO54728,291,16056,2013-03-20,2013-03-27,2013-04-01,5,1,5
SO54728,288,16056,2013-03-20,2013-03-27,2013-04-01,29,1,29
SO54729,289,870,2013-03-20,2013-03-27,2013-04-01,5,1,5
SO54729,283,870,2013-03-20,2013-03-27,2013-04-01,30,1,30
SO54729,259,870,2013-03-20,2013-03-27,2013-04-01,2,1,2
SO54730,283,12406,2013-03-20,2013-03-27,2013-04-01,30,1,30
SO54730,289,12406,2013-03-20,2013-03-27,2013-04-01,5,1,5
SO54730,245,12406,2013-03-20,2013-03-27,2013-04-01,35,1,35
SO54731,283,5006,2013-03-20,2013-03-27,2013-04-01,30,1,30
SO54731,259,5006,2013-03-20,2013-03-27,2013-04-01,2,1,2
SO54732,289,4944,2013-03-20,2013-03-27,2013-04-01,5,1,5
SO54732,283,4944,2013-03-20,2013-03-27,2013-04-01,30,1,30
SO54732,260,4944,2013-03-20,2013-03-27,2013-04-01,120,1,120
SO54733,104,6027,2013-03-20,2013-03-27,2013-04-01,10,1,10
SO54733,295,6027,2013-03-20,2013-03-27,2013-04-01,5,1,5
SO54733,249,6027,2013-03-20,2013-03-27,2013-04-01,50,1,50
SO54733,234,6027,2013-03-20,2013-03-27,2013-04-01,24,1,24
SO54734,272,10241,2013-03-20,2013-03-27,2013-04-01,70,1,70
SO54734,251,10241,2013-03-20,2013-03-27,2013-04-01,50,1,50
SO54735,295,3724,2013-03-20,2013-03-27,2013-04-01,5,1,5
SO54735,104,3724,2013-03-20,2013-03-27,2013-04-01,10,1,10
SO54736,104,11024,2013-03-20,2013-03-27,2013-04-01,10,1,10
SO54736,295,11024,2013-03-20,2013-03-27,2013-04-01,5,1,5
SO54736,247,11024,2013-03-20,2013-03-27,2013-04-01,55,1,55
SO54736,279,11024,2013-03-20,2013-03-27,2013-04-01,9,1,9
SO54737,295,6261,2013-03-20,2013-03-27,2013-04-01,5,1,5
SO54737,246,6261,2013-03-20,2013-03-27,2013-04-01,35,1,35
SO54738,289,6486,2013-03-20,2013-03-27,2013-04-01,5,1,5
SO54738,174,6486,2013-03-20,2013-03-27,2013-04-01,22,1,22
SO54738,248,6486,2013-03-20,2013-03-27,2013-04-01,50,1,50
SO54739,289,16197,2013-03-20,2013-03-27,2013-04-01,5,1,5
SO54739,292,16197,2013-03-20,2013-03-27,2013-04-01,64,1,64
SO54740,289,4282,2013-03-20,2013-03-27,2013-04-01,5,1,5
SO54740,244,4282,2013-03-20,2013-03-27,2013-04-01,35,1,35
SO54741,289,5356,2013-03-20,2013-03-27,2013-04-01,5,1,5
SO54741,246,5356,2013-03-20,2013-03-27,2013-04-01,35,1,35
SO54741,251,5356,2013-03-20,2013-03-27,2013-04-01,50,1,50
SO54742,174,3352,2013-03-20,2013-03-27,2013-04-01,22,1,22
SO54742,245,3352,2013-03-20,2013-03-27,2013-04-01,35,1,35
SO54743,274,3554,2013-03-20,2013-03-27,2013-04-01,70,1,70
SO54743,280,3554,2013-03-20,2013-03-27,2013-04-01,9,1,9
SO54744,289,5438,2013-03-20,2013-03-27,2013-04-01,5,1,5
SO54744,244,5438,2013-03-20,2013-03-27,2013-04-01,35,1,35
SO54745,174,2833,2013-03-20,2013-03-27,2013-04-01,22,1,22
SO54745,259,2833,2013-03-20,2013-03-27,2013-04-01,2,1,2
SO54746,282,6786,2013-03-20,2013-03-27,2013-04-01,25,1,25
SO54746,259,6786,2013-03-20,2013-03-27,2013-04-01,2,1,2
SO54747,273,17445,2013-03-20,2013-03-27,2013-04-01,70,1,70
SO54747,275,17445,2013-03-20,2013-03-27,2013-04-01,54,1,54
SO54748,287,3531,2013-03-20,2013-03-27,2013-04-01,33,1,33
SO54748,290,3531,2013-03-20,2013-03-27,2013-04-01,4,1,4
SO54749,290,14687,2013-03-20,2013-03-27,2013-04-01,4,1,4
SO54749,259,14687,2013-03-20,2013-03-27,2013-04-01,2,1,2
SO54750,282,4453,2013-03-20,2013-03-27,2013-04-01,25,1,25
SO54751,295,1490,2013-03-20,2013-03-27,2013-04-01,5,1,5
SO54751,244,1490,2013-03-20,2013-03-27,2013-04-01,35,1,35
SO54752,285,11528,2013-03-20,2013-03-27,2013-04-01,21,1,21
SO54752,277,11528,2013-03-20,2013-03-27,2013-04-01,54,1,54
SO54753,290,13568,2013-03-20,2013-03-27,2013-04-01,4,1,4
SO54753,259,13568,2013-03-20,2013-03-27,2013-04-01,2,1,2
SO54754,284,305,2013-03-20,2013-03-27,2013-04-01,35,1,35
SO54754,174,305,2013-03-20,2013-03-27,2013-04-01,22,1,22
SO54754,247,305,2013-03-20,2013-03-27,2013-04-01,55,1,55
SO54754,168,305,2013-03-20,2013-03-27,2013-04-01,8,1,8
SO54755,174,2267,2013-03-20,2013-03-27,2013-04-01,22,1,22
SO54755,168,2267,2013-03-20,2013-03-27,2013-04-01,8,1,8
SO54756,119,2928,2013-03-20,2013-03-27,2013-04-01,769,1,769
SO54756,272,2928,2013-03-20,2013-03-27,2013-04-01,70,1,70
SO54757,120,1018,2013-03-20,2013-03-27,2013-04-01,2295,1,2295
SO54757,104,1018,2013-03-20,2013-03-27,2013-04-01,10,1,10
SO54757,244,1018,2013-03-20,2013-03-27,2013-04-01,35,1,35
SO54758,154,15931,2013-03-20,2013-03-27,2013-04-01,1215,1,1215
SO54758,295,15931,2013-03-20,2013-03-27,2013-04-01,5,1,5
SO54758,105,15931,2013-03-20,2013-03-27,2013-04-01,9,1,9
SO54758,246,15931,2013-03-20,2013-03-27,2013-04-01,35,1,35
SO54759,118,5702,2013-03-20,2013-03-27,2013-04-01,769,1,769
SO54759,280,5702,2013-03-20,2013-03-27,2013-04-01,9,1,9
SO54759,273,5702,2013-03-20,2013-03-27,2013-04-01,70,1,70
SO54760,142,5742,2013-03-20,2013-03-27,2013-04-01,2443,1,2443
SO54760,244,5742,2013-03-20,2013-03-27,2013-04-01,35,1,35
SO54761,142,7732,2013-03-20,2013-03-27,2013-04-01,2443,1,2443
SO54761,168,7732,2013-03-20,2013-03-27,2013-04-01,8,1,8
SO54761,235,7732,2013-03-20,2013-03-27,2013-04-01,24,1,24
SO54762,141,7719,2013-03-20,2013-03-27,2013-04-01,2443,1,2443
SO54762,105,7719,2013-03-20,2013-03-27,2013-04-01,9,1,9
SO54762,295,7719,2013-03-20,2013-03-27,2013-04-01,5,1,5
SO54763,128,11544,2013-03-20,2013-03-27,2013-04-01,540,1,540
SO54763,295,11544,2013-03-20,2013-03-27,2013-04-01,5,1,5
SO54763,166,11544,2013-03-20,2013-03-27,2013-04-01,9,1,9
SO54763,105,11544,2013-03-20,2013-03-27,2013-04-01,9,1,9
SO54764,129,13961,2013-03-20,2013-03-27,2013-04-01,540,1,540
SO54764,290,13961,2013-03-20,2013-03-27,2013-04-01,4,1,4
SO54764,285,13961,2013-03-20,2013-03-27,2013-04-01,21,1,21
SO54765,130,8726,2013-03-20,2013-03-27,2013-04-01,1120,1,1120
SO54765,234,8726,2013-03-20,2013-03-27,2013-04-01,24,1,24
SO54765,246,8726,2013-03-20,2013-03-27,2013-04-01,35,1,35
SO54766,133,8538,2013-03-20,2013-03-27,2013-04-01,1120,1,1120
SO54766,246,8538,2013-03-20,2013-03-27,2013-04-01,35,1,35
SO54767,129,10065,2013-03-20,2013-03-27,2013-04-01,540,1,540
SO54767,105,10065,2013-03-20,2013-03-27,2013-04-01,9,1,9
SO54767,295,10065,2013-03-20,2013-03-27,2013-04-01,5,1,5
SO54768,127,14728,2013-03-20,2013-03-27,2013-04-01,540,1,540
SO54769,145,2969,2013-03-20,2013-03-27,2013-04-01,742,1,742
SO54769,105,2969,2013-03-20,2013-03-27,2013-04-01,9,1,9
SO54769,295,2969,2013-03-20,2013-03-27,2013-04-01,5,1,5
SO54769,245,2969,2013-03-20,2013-03-27,2013-04-01,35,1,35
SO54770,121,1755,2013-03-21,2013-03-28,2013-04-02,2295,1,2295
SO54770,174,1755,2013-03-21,2013-03-28,2013-04-02,22,1,22
SO54771,286,3124,2013-03-21,2013-03-28,2013-04-02,25,1,25
SO54771,290,3124,2013-03-21,2013-03-28,2013-04-02,4,1,4
SO54772,287,5614,2013-03-21,2013-03-28,2013-04-02,33,1,33
SO54772,259,5614,2013-03-21,2013-03-28,2013-04-02,2,1,2
SO54773,234,4149,2013-03-21,2013-03-28,2013-04-02,24,1,24
SO54773,245,4149,2013-03-21,2013-03-28,2013-04-02,35,1,35
SO54774,135,12764,2013-03-21,2013-03-28,2013-04-02,1701,1,1701
SO54774,244,12764,2013-03-21,2013-03-28,2013-04-02,35,1,35
SO54775,276,719,2013-03-21,2013-03-28,2013-04-02,54,1,54
SO54775,166,719,2013-03-21,2013-03-28,2013-04-02,9,1,9
SO54776,286,17807,2013-03-21,2013-03-28,2013-04-02,25,1,25
SO54776,290,17807,2013-03-21,2013-03-28,2013-04-02,4,1,4
SO54776,244,17807,2013-03-21,2013-03-28,2013-04-02,35,1,35
SO54777,288,15265,2013-03-21,2013-03-28,2013-04-02,29,1,29
SO54777,259,15265,2013-03-21,2013-03-28,2013-04-02,2,1,2
SO54778,282,15518,2013-03-21,2013-03-28,2013-04-02,25,1,25
SO54779,285,16754,2013-03-21,2013-03-28,2013-04-02,21,1,21
SO54779,290,16754,2013-03-21,2013-03-28,2013-04-02,4,1,4
SO54780,290,13425,2013-03-21,2013-03-28,2013-04-02,4,1,4
SO54780,287,13425,2013-03-21,2013-03-28,2013-04-02,33,1,33
SO54780,281,13425,2013-03-21,2013-03-28,2013-04-02,159,1,159
SO54780,276,13425,2013-03-21,2013-03-28,2013-04-02,54,1,54
SO54781,283,12154,2013-03-21,2013-03-28,2013-04-02,30,1,30
SO54781,289,12154,2013-03-21,2013-03-28,2013-04-02,5,1,5
SO54782,283,11884,2013-03-21,2013-03-28,2013-04-02,30,1,30
SO54783,283,6484,2013-03-21,2013-03-28,2013-04-02,30,1,30
SO54783,259,6484,2013-03-21,2013-03-28,2013-04-02,2,1,2
SO54784,283,12697,2013-03-21,2013-03-28,2013-04-02,30,1,30
SO54784,289,12697,2013-03-21,2013-03-28,2013-04-02,5,1,5
SO54784,174,12697,2013-03-21,2013-03-28,2013-04-02,22,1,22
SO54784,295,12697,2013-03-21,2013-03-28,2013-04-02,5,1,5
SO54784,104,12697,2013-03-21,2013-03-28,2013-04-02,10,1,10
SO54784,259,12697,2013-03-21,2013-03-28,2013-04-02,2,1,2
SO54784,281,12697,2013-03-21,2013-03-28,2013-04-02,159,1,159
SO54785,295,13996,2013-03-21,2013-03-28,2013-04-02,5,1,5
SO54786,295,5992,2013-03-21,2013-03-28,2013-04-02,5,1,5
SO54786,246,5992,2013-03-21,2013-03-28,2013-04-02,35,1,35
SO54787,289,16608,2013-03-21,2013-03-28,2013-04-02,5,1,5
SO54787,259,16608,2013-03-21,2013-03-28,2013-04-02,2,1,2
SO54788,289,5751,2013-03-21,2013-03-28,2013-04-02,5,1,5
SO54788,259,5751,2013-03-21,2013-03-28,2013-04-02,2,1,2
SO54789,289,12504,2013-03-21,2013-03-28,2013-04-02,5,1,5
SO54789,259,12504,2013-03-21,2013-03-28,2013-04-02,2,1,2
SO54790,289,4760,2013-03-21,2013-03-28,2013-04-02,5,1,5
SO54790,246,4760,2013-03-21,2013-03-28,2013-04-02,35,1,35
SO54790,248,4760,2013-03-21,2013-03-28,2013-04-02,50,1,50
SO54791,174,3444,2013-03-21,2013-03-28,2013-04-02,22,1,22
SO54792,273,2551,2013-03-21,2013-03-28,2013-04-02,70,1,70
SO54793,282,6784,2013-03-21,2013-03-28,2013-04-02,25,1,25
SO54794,104,2611,2013-03-21,2013-03-28,2013-04-02,10,1,10
SO54794,246,2611,2013-03-21,2013-03-28,2013-04-02,35,1,35
SO54795,290,9179,2013-03-21,2013-03-28,2013-04-02,4,1,4
SO54796,295,8183,2013-03-21,2013-03-28,2013-04-02,5,1,5
SO54796,244,8183,2013-03-21,2013-03-28,2013-04-02,35,1,35
SO54797,289,1432,2013-03-21,2013-03-28,2013-04-02,5,1,5
SO54797,284,1432,2013-03-21,2013-03-28,2013-04-02,35,1,35
SO54797,247,1432,2013-03-21,2013-03-28,2013-04-02,55,1,55
SO54798,174,7315,2013-03-21,2013-03-28,2013-04-02,22,1,22
SO54798,245,7315,2013-03-21,2013-03-28,2013-04-02,35,1,35
SO54799,174,6469,2013-03-21,2013-03-28,2013-04-02,22,1,22
SO54799,295,6469,2013-03-21,2013-03-28,2013-04-02,5,1,5
SO54799,104,6469,2013-03-21,2013-03-28,2013-04-02,10,1,10
SO54799,244,6469,2013-03-21,2013-03-28,2013-04-02,35,1,35
SO54800,140,9324,2013-03-21,2013-03-28,2013-04-02,2443,1,2443
SO54800,295,9324,2013-03-21,2013-03-28,2013-04-02,5,1,5
SO54800,105,9324,2013-03-21,2013-03-28,2013-04-02,9,1,9
SO54800,246,9324,2013-03-21,2013-03-28,2013-04-02,35,1,35
SO54801,121,541,2013-03-21,2013-03-28,2013-04-02,2295,1,2295
SO54801,174,541,2013-03-21,2013-03-28,2013-04-02,22,1,22
SO54801,247,541,2013-03-21,2013-03-28,2013-04-02,55,1,55
SO54801,168,541,2013-03-21,2013-03-28,2013-04-02,8,1,8
SO54802,120,537,2013-03-21,2013-03-28,2013-04-02,2295,1,2295
SO54802,289,537,2013-03-21,2013-03-28,2013-04-02,5,1,5
SO54802,284,537,2013-03-21,2013-03-28,2013-04-02,35,1,35
SO54802,259,537,2013-03-21,2013-03-28,2013-04-02,2,1,2
SO54803,124,1104,2013-03-21,2013-03-28,2013-04-02,2320,1,2320
SO54803,284,1104,2013-03-21,2013-03-28,2013-04-02,35,1,35
SO54803,289,1104,2013-03-21,2013-03-28,2013-04-02,5,1,5
SO54803,246,1104,2013-03-21,2013-03-28,2013-04-02,35,1,35
SO54803,234,1104,2013-03-21,2013-03-28,2013-04-02,24,1,24
SO54804,141,7692,2013-03-21,2013-03-28,2013-04-02,2443,1,2443
SO54804,295,7692,2013-03-21,2013-03-28,2013-04-02,5,1,5
SO54804,105,7692,2013-03-21,2013-03-28,2013-04-02,9,1,9
SO54804,245,7692,2013-03-21,2013-03-28,2013-04-02,35,1,35
SO54805,127,9424,2013-03-21,2013-03-28,2013-04-02,540,1,540
SO54805,244,9424,2013-03-21,2013-03-28,2013-04-02,35,1,35
SO54805,233,9424,2013-03-21,2013-03-28,2013-04-02,24,1,24
SO54806,129,15769,2013-03-21,2013-03-28,2013-04-02,540,1,540
SO54806,295,15769,2013-03-21,2013-03-28,2013-04-02,5,1,5
SO54806,105,15769,2013-03-21,2013-03-28,2013-04-02,9,1,9
SO54806,244,15769,2013-03-21,2013-03-28,2013-04-02,35,1,35
SO54807,140,7737,2013-03-21,2013-03-28,2013-04-02,2443,1,2443
SO54807,295,7737,2013-03-21,2013-03-28,2013-04-02,5,1,5
SO54807,105,7737,2013-03-21,2013-03-28,2013-04-02,9,1,9
SO54808,143,5746,2013-03-21,2013-03-28,2013-04-02,2443,1,2443
SO54809,123,466,2013-03-21,2013-03-28,2013-04-02,2320,1,2320
SO54810,120,760,2013-03-21,2013-03-28,2013-04-02,2295,1,2295
SO54811,155,14199,2013-03-21,2013-03-28,2013-04-02,1215,1,1215
SO54811,244,14199,2013-03-21,2013-03-28,2013-04-02,35,1,35
SO54812,162,13681,2013-03-21,2013-03-28,2013-04-02,2384,1,2384
SO54812,291,13681,2013-03-21,2013-03-28,2013-04-02,5,1,5
SO54812,288,13681,2013-03-21,2013-03-28,2013-04-02,29,1,29
SO54813,127,10941,2013-03-21,2013-03-28,2013-04-02,540,1,540
SO54813,285,10941,2013-03-21,2013-03-28,2013-04-02,21,1,21
SO54813,259,10941,2013-03-21,2013-03-28,2013-04-02,2,1,2
SO54813,168,10941,2013-03-21,2013-03-28,2013-04-02,8,1,8
SO54814,126,14049,2013-03-21,2013-03-28,2013-04-02,540,1,540
SO54814,294,14049,2013-03-21,2013-03-28,2013-04-02,64,1,64
SO54815,131,8679,2013-03-21,2013-03-28,2013-04-02,1120,1,1120
SO54816,134,8497,2013-03-21,2013-03-28,2013-04-02,1120,1,1120
SO54816,246,8497,2013-03-21,2013-03-28,2013-04-02,35,1,35
SO54817,129,11487,2013-03-21,2013-03-28,2013-04-02,540,1,540
SO54817,105,11487,2013-03-21,2013-03-28,2013-04-02,9,1,9
SO54817,295,11487,2013-03-21,2013-03-28,2013-04-02,5,1,5
SO54817,246,11487,2013-03-21,2013-03-28,2013-04-02,35,1,35
SO54818,126,14656,2013-03-21,2013-03-28,2013-04-02,540,1,540
SO54818,285,14656,2013-03-21,2013-03-28,2013-04-02,21,1,21
SO54818,259,14656,2013-03-21,2013-03-28,2013-04-02,2,1,2
SO54818,168,14656,2013-03-21,2013-03-28,2013-04-02,8,1,8
SO54819,164,1329,2013-03-21,2013-03-28,2013-04-02,2384,1,2384
SO54819,295,1329,2013-03-21,2013-03-28,2013-04-02,5,1,5
SO54819,105,1329,2013-03-21,2013-03-28,2013-04-02,9,1,9
SO54820,161,3774,2013-03-21,2013-03-28,2013-04-02,2384,1,2384
SO54820,245,3774,2013-03-21,2013-03-28,2013-04-02,35,1,35
SO54821,134,5518,2013-03-22,2013-03-29,2013-04-03,1120,1,1120
SO54822,125,1129,2013-03-22,2013-03-29,2013-04-03,2320,1,2320
SO54822,260,1129,2013-03-22,2013-03-29,2013-04-03,120,1,120
SO54823,282,1373,2013-03-22,2013-03-29,2013-04-03,25,1,25
SO54823,289,1373,2013-03-22,2013-03-29,2013-04-03,5,1,5
SO54823,245,1373,2013-03-22,2013-03-29,2013-04-03,35,1,35
SO54823,233,1373,2013-03-22,2013-03-29,2013-04-03,24,1,24
SO54824,246,4155,2013-03-22,2013-03-29,2013-04-03,35,1,35
SO54824,248,4155,2013-03-22,2013-03-29,2013-04-03,50,1,50
SO54825,166,4035,2013-03-22,2013-03-29,2013-04-03,9,1,9
SO54826,166,6324,2013-03-22,2013-03-29,2013-04-03,9,1,9
SO54827,123,1336,2013-03-22,2013-03-29,2013-04-03,2320,1,2320
SO54827,104,1336,2013-03-22,2013-03-29,2013-04-03,10,1,10
SO54827,295,1336,2013-03-22,2013-03-29,2013-04-03,5,1,5
SO54827,245,1336,2013-03-22,2013-03-29,2013-04-03,35,1,35
SO54828,234,632,2013-03-22,2013-03-29,2013-04-03,24,1,24
SO54828,245,632,2013-03-22,2013-03-29,2013-04-03,35,1,35
SO54829,259,17331,2013-03-22,2013-03-29,2013-04-03,2,1,2
SO54829,168,17331,2013-03-22,2013-03-29,2013-04-03,8,1,8
SO54830,290,16728,2013-03-22,2013-03-29,2013-04-03,4,1,4
SO54830,259,16728,2013-03-22,2013-03-29,2013-04-03,2,1,2
SO54831,249,92,2013-03-22,2013-03-29,2013-04-03,50,1,50
SO54831,234,92,2013-03-22,2013-03-29,2013-04-03,24,1,24
SO54832,285,16527,2013-03-22,2013-03-29,2013-04-03,21,1,21
SO54832,259,16527,2013-03-22,2013-03-29,2013-04-03,2,1,2
SO54833,286,17624,2013-03-22,2013-03-29,2013-04-03,25,1,25
SO54833,259,17624,2013-03-22,2013-03-29,2013-04-03,2,1,2
SO54834,291,499,2013-03-22,2013-03-29,2013-04-03,5,1,5
SO54835,287,13942,2013-03-22,2013-03-29,2013-04-03,33,1,33
SO54836,287,224,2013-03-22,2013-03-29,2013-04-03,33,1,33
SO54836,246,224,2013-03-22,2013-03-29,2013-04-03,35,1,35
SO54836,235,224,2013-03-22,2013-03-29,2013-04-03,24,1,24
SO54837,288,1761,2013-03-22,2013-03-29,2013-04-03,29,1,29
SO54837,291,1761,2013-03-22,2013-03-29,2013-04-03,5,1,5
SO54837,259,1761,2013-03-22,2013-03-29,2013-04-03,2,1,2
SO54838,290,13412,2013-03-22,2013-03-29,2013-04-03,4,1,4
SO54838,287,13412,2013-03-22,2013-03-29,2013-04-03,33,1,33
SO54838,245,13412,2013-03-22,2013-03-29,2013-04-03,35,1,35
SO54839,283,11146,2013-03-22,2013-03-29,2013-04-03,30,1,30
SO54839,289,11146,2013-03-22,2013-03-29,2013-04-03,5,1,5
SO54839,259,11146,2013-03-22,2013-03-29,2013-04-03,2,1,2
SO54840,104,12273,2013-03-22,2013-03-29,2013-04-03,10,1,10
SO54840,295,12273,2013-03-22,2013-03-29,2013-04-03,5,1,5
SO54840,233,12273,2013-03-22,2013-03-29,2013-04-03,24,1,24
SO54841,104,1940,2013-03-22,2013-03-29,2013-04-03,10,1,10
SO54841,295,1940,2013-03-22,2013-03-29,2013-04-03,5,1,5
SO54841,247,1940,2013-03-22,2013-03-29,2013-04-03,55,1,55
SO54841,168,1940,2013-03-22,2013-03-29,2013-04-03,8,1,8
SO54842,295,7065,2013-03-22,2013-03-29,2013-04-03,5,1,5
SO54842,275,7065,2013-03-22,2013-03-29,2013-04-03,54,1,54
SO54843,295,6520,2013-03-22,2013-03-29,2013-04-03,5,1,5
SO54843,276,6520,2013-03-22,2013-03-29,2013-04-03,54,1,54
SO54844,272,7753,2013-03-22,2013-03-29,2013-04-03,70,1,70
SO54844,249,7753,2013-03-22,2013-03-29,2013-04-03,50,1,50
SO54845,295,6159,2013-03-22,2013-03-29,2013-04-03,5,1,5
SO54845,246,6159,2013-03-22,2013-03-29,2013-04-03,35,1,35
SO54846,295,2223,2013-03-22,2013-03-29,2013-04-03,5,1,5
SO54846,166,2223,2013-03-22,2013-03-29,2013-04-03,9,1,9
SO54847,295,7098,2013-03-22,2013-03-29,2013-04-03,5,1,5
SO54847,245,7098,2013-03-22,2013-03-29,2013-04-03,35,1,35
SO54848,289,4911,2013-03-22,2013-03-29,2013-04-03,5,1,5
SO54848,245,4911,2013-03-22,2013-03-29,2013-04-03,35,1,35
SO54849,289,8079,2013-03-22,2013-03-29,2013-04-03,5,1,5
SO54849,282,8079,2013-03-22,2013-03-29,2013-04-03,25,1,25
SO54849,259,8079,2013-03-22,2013-03-29,2013-04-03,2,1,2
SO54850,295,10850,2013-03-22,2013-03-29,2013-04-03,5,1,5
SO54850,244,10850,2013-03-22,2013-03-29,2013-04-03,35,1,35
SO54851,290,15898,2013-03-22,2013-03-29,2013-04-03,4,1,4
SO54851,245,15898,2013-03-22,2013-03-29,2013-04-03,35,1,35
SO54852,285,15982,2013-03-22,2013-03-29,2013-04-03,21,1,21
SO54853,288,2263,2013-03-22,2013-03-29,2013-04-03,29,1,29
SO54853,291,2263,2013-03-22,2013-03-29,2013-04-03,5,1,5
SO54853,244,2263,2013-03-22,2013-03-29,2013-04-03,35,1,35
SO54853,166,2263,2013-03-22,2013-03-29,2013-04-03,9,1,9
SO54854,288,18395,2013-03-22,2013-03-29,2013-04-03,29,1,29
SO54854,291,18395,2013-03-22,2013-03-29,2013-04-03,5,1,5
SO54854,259,18395,2013-03-22,2013-03-29,2013-04-03,2,1,2
SO54855,285,17922,2013-03-22,2013-03-29,2013-04-03,21,1,21
SO54855,290,17922,2013-03-22,2013-03-29,2013-04-03,4,1,4
SO54855,281,17922,2013-03-22,2013-03-29,2013-04-03,159,1,159
SO54856,291,2604,2013-03-22,2013-03-29,2013-04-03,5,1,5
SO54856,288,2604,2013-03-22,2013-03-29,2013-04-03,29,1,29
SO54856,248,2604,2013-03-22,2013-03-29,2013-04-03,50,1,50
SO54857,288,3954,2013-03-22,2013-03-29,2013-04-03,29,1,29
SO54857,291,3954,2013-03-22,2013-03-29,2013-04-03,5,1,5
SO54857,246,3954,2013-03-22,2013-03-29,2013-04-03,35,1,35
SO54858,291,2815,2013-03-22,2013-03-29,2013-04-03,5,1,5
SO54858,288,2815,2013-03-22,2013-03-29,2013-04-03,29,1,29
SO54858,245,2815,2013-03-22,2013-03-29,2013-04-03,35,1,35
SO54858,278,2815,2013-03-22,2013-03-29,2013-04-03,54,1,54
SO54859,284,1145,2013-03-22,2013-03-29,2013-04-03,35,1,35
SO54859,289,1145,2013-03-22,2013-03-29,2013-04-03,5,1,5
SO54859,259,1145,2013-03-22,2013-03-29,2013-04-03,2,1,2
SO54860,174,2431,2013-03-22,2013-03-29,2013-04-03,22,1,22
SO54860,280,2431,2013-03-22,2013-03-29,2013-04-03,9,1,9
SO54861,174,2167,2013-03-22,2013-03-29,2013-04-03,22,1,22
SO54861,249,2167,2013-03-22,2013-03-29,2013-04-03,50,1,50
SO54862,250,1636,2013-03-22,2013-03-29,2013-04-03,50,1,50
SO54863,122,1175,2013-03-22,2013-03-29,2013-04-03,2295,1,2295
SO54864,124,1117,2013-03-22,2013-03-29,2013-04-03,2320,1,2320
SO54864,245,1117,2013-03-22,2013-03-29,2013-04-03,35,1,35
SO54865,129,15758,2013-03-22,2013-03-29,2013-04-03,540,1,540
SO54865,285,15758,2013-03-22,2013-03-29,2013-04-03,21,1,21
SO54866,142,7739,2013-03-22,2013-03-29,2013-04-03,2443,1,2443
SO54866,105,7739,2013-03-22,2013-03-29,2013-04-03,9,1,9
SO54866,295,7739,2013-03-22,2013-03-29,2013-04-03,5,1,5
SO54866,275,7739,2013-03-22,2013-03-29,2013-04-03,54,1,54
SO54867,139,7707,2013-03-22,2013-03-29,2013-04-03,2443,1,2443
SO54867,287,7707,2013-03-22,2013-03-29,2013-04-03,33,1,33
SO54867,290,7707,2013-03-22,2013-03-29,2013-04-03,4,1,4
SO54867,259,7707,2013-03-22,2013-03-29,2013-04-03,2,1,2
SO54868,124,752,2013-03-22,2013-03-29,2013-04-03,2320,1,2320
SO54868,284,752,2013-03-22,2013-03-29,2013-04-03,35,1,35
SO54868,174,752,2013-03-22,2013-03-29,2013-04-03,22,1,22
SO54868,275,752,2013-03-22,2013-03-29,2013-04-03,54,1,54
SO54869,122,915,2013-03-22,2013-03-29,2013-04-03,2295,1,2295
SO54869,245,915,2013-03-22,2013-03-29,2013-04-03,35,1,35
SO54870,124,896,2013-03-22,2013-03-29,2013-04-03,2320,1,2320
SO54870,284,896,2013-03-22,2013-03-29,2013-04-03,35,1,35
SO54871,126,11369,2013-03-22,2013-03-29,2013-04-03,540,1,540
SO54871,285,11369,2013-03-22,2013-03-29,2013-04-03,21,1,21
SO54871,275,11369,2013-03-22,2013-03-29,2013-04-03,54,1,54
SO54872,132,8702,2013-03-22,2013-03-29,2013-04-03,1120,1,1120
SO54872,290,8702,2013-03-22,2013-03-29,2013-04-03,4,1,4
SO54872,286,8702,2013-03-22,2013-03-29,2013-04-03,25,1,25
SO54872,246,8702,2013-03-22,2013-03-29,2013-04-03,35,1,35
SO54873,130,11657,2013-03-22,2013-03-29,2013-04-03,1120,1,1120
SO54873,295,11657,2013-03-22,2013-03-29,2013-04-03,5,1,5
SO54873,105,11657,2013-03-22,2013-03-29,2013-04-03,9,1,9
SO54873,245,11657,2013-03-22,2013-03-29,2013-04-03,35,1,35
SO54874,132,15988,2013-03-22,2013-03-29,2013-04-03,1120,1,1120
SO54874,246,15988,2013-03-22,2013-03-29,2013-04-03,35,1,35
SO54875,128,4932,2013-03-22,2013-03-29,2013-04-03,540,1,540
SO54875,244,4932,2013-03-22,2013-03-29,2013-04-03,35,1,35
SO54876,129,11480,2013-03-22,2013-03-29,2013-04-03,540,1,540
SO54876,285,11480,2013-03-22,2013-03-29,2013-04-03,21,1,21
SO54876,290,11480,2013-03-22,2013-03-29,2013-04-03,4,1,4
SO54876,244,11480,2013-03-22,2013-03-29,2013-04-03,35,1,35
SO54877,129,18413,2013-03-22,2013-03-29,2013-04-03,540,1,540
SO54877,290,18413,2013-03-22,2013-03-29,2013-04-03,4,1,4
SO54877,285,18413,2013-03-22,2013-03-29,2013-04-03,21,1,21
SO54877,246,18413,2013-03-22,2013-03-29,2013-04-03,35,1,35
SO54878,126,11474,2013-03-22,2013-03-29,2013-04-03,540,1,540
SO54878,295,11474,2013-03-22,2013-03-29,2013-04-03,5,1,5
SO54878,105,11474,2013-03-22,2013-03-29,2013-04-03,9,1,9
SO54878,278,11474,2013-03-22,2013-03-29,2013-04-03,54,1,54
SO54879,162,1336,2013-03-22,2013-03-29,2013-04-03,2384,1,2384
SO54879,245,1336,2013-03-22,2013-03-29,2013-04-03,35,1,35
SO54879,250,1336,2013-03-22,2013-03-29,2013-04-03,50,1,50
SO54879,233,1336,2013-03-22,2013-03-29,2013-04-03,24,1,24
SO54880,165,4081,2013-03-22,2013-03-29,2013-04-03,2384,1,2384
SO54880,105,4081,2013-03-22,2013-03-29,2013-04-03,9,1,9
SO54880,295,4081,2013-03-22,2013-03-29,2013-04-03,5,1,5
SO54880,166,4081,2013-03-22,2013-03-29,2013-04-03,9,1,9
SO54881,121,583,2013-03-23,2013-03-30,2013-04-04,2295,1,2295
SO54881,244,583,2013-03-23,2013-03-30,2013-04-04,35,1,35
SO54882,120,577,2013-03-23,2013-03-30,2013-04-04,2295,1,2295
SO54882,260,577,2013-03-23,2013-03-30,2013-04-04,120,1,120
SO54883,290,4761,2013-03-23,2013-03-30,2013-04-04,4,1,4
SO54884,245,960,2013-03-23,2013-03-30,2013-04-04,35,1,35
SO54885,245,784,2013-03-23,2013-03-30,2013-04-04,35,1,35
SO54886,289,8607,2013-03-23,2013-03-30,2013-04-04,5,1,5
SO54886,284,8607,2013-03-23,2013-03-30,2013-04-04,35,1,35
SO54886,244,8607,2013-03-23,2013-03-30,2013-04-04,35,1,35
SO54886,279,8607,2013-03-23,2013-03-30,2013-04-04,9,1,9
SO54887,285,15131,2013-03-23,2013-03-30,2013-04-04,21,1,21
SO54888,285,14268,2013-03-23,2013-03-30,2013-04-04,21,1,21
SO54888,290,14268,2013-03-23,2013-03-30,2013-04-04,4,1,4
SO54889,295,11964,2013-03-23,2013-03-30,2013-04-04,5,1,5
SO54889,276,11964,2013-03-23,2013-03-30,2013-04-04,54,1,54
SO54890,291,11975,2013-03-23,2013-03-30,2013-04-04,5,1,5
SO54890,259,11975,2013-03-23,2013-03-30,2013-04-04,2,1,2
SO54891,291,12078,2013-03-23,2013-03-30,2013-04-04,5,1,5
SO54891,259,12078,2013-03-23,2013-03-30,2013-04-04,2,1,2
SO54892,104,74,2013-03-23,2013-03-30,2013-04-04,10,1,10
SO54892,295,74,2013-03-23,2013-03-30,2013-04-04,5,1,5
SO54892,244,74,2013-03-23,2013-03-30,2013-04-04,35,1,35
SO54892,275,74,2013-03-23,2013-03-30,2013-04-04,54,1,54
SO54893,104,75,2013-03-23,2013-03-30,2013-04-04,10,1,10
SO54893,295,75,2013-03-23,2013-03-30,2013-04-04,5,1,5
SO54893,245,75,2013-03-23,2013-03-30,2013-04-04,35,1,35
SO54894,245,4795,2013-03-23,2013-03-30,2013-04-04,35,1,35
SO54894,278,4795,2013-03-23,2013-03-30,2013-04-04,54,1,54
SO54895,291,1993,2013-03-23,2013-03-30,2013-04-04,5,1,5
SO54895,288,1993,2013-03-23,2013-03-30,2013-04-04,29,1,29
SO54895,259,1993,2013-03-23,2013-03-30,2013-04-04,2,1,2
SO54896,139,8501,2013-03-23,2013-03-30,2013-04-04,2443,1,2443
SO54896,246,8501,2013-03-23,2013-03-30,2013-04-04,35,1,35
SO54897,290,17986,2013-03-23,2013-03-30,2013-04-04,4,1,4
SO54897,286,17986,2013-03-23,2013-03-30,2013-04-04,25,1,25
